Country,EV_sales_share,EV_stock_share,EV_stock,Public_slow_chargers,Public_fast_chargers,Population,Population_year,GDP_per_capita_PPP,GDP_per_capita_PPP_year,Electric_power_consumption,Electric_power_consumption_year,Low_carbon_electricity_share,Low_carbon_electricity_share_year,Renewable_installed_capacity_share,Renewable_generation_share,Total_public_chargers,EV_stock_per_1000_people,Total_public_chargers_per_1000_EVs,Slow_chargers_per_100000_people,Fast_chargers_per_100000_people
Australia,13.0,1.9,302089.0,2800.0,3900.0,27196812.0,2024.0,60303.9817116245,2024.0,9800.04568182477,2024.0,35.07669,2024.0,52.10758490727654,38.1,6700.0,11.107515101402326,22.17889429936211,10.295324319629815,14.339916016627242
Austria,24.0,5.3,275062.0,21000.0,6300.0,9177982.0,2024.0,63788.078678479,2024.0,7896.83396633378,2024.0,86.22404,2024.0,64.92227676484339,87.9,27300.0,29.969768953567353,99.2503508299947,228.80846791811098,68.6425403754333
Belgium,43.0,11.0,670100.0,72000.0,2600.0,11858610.0,2024.0,63347.7858809235,2024.0,7098.80837636114,2024.0,76.345215,2024.0,56.031811609171655,37.63,74600.0,56.50746588343828,111.32666766154304,607.1537895250793,21.924997955072307
Brazil,6.4,0.7,214003.0,12000.0,600.0,211998573.0,2024.0,19652.3654991704,2024.0,3068.09612345834,2024.0,89.44913,2024.0,80.75932444068462,88.21,12600.0,1.0094549079818569,58.877679284869835,5.660415459494626,0.2830207729747313
Bulgaria,5.0,2.7,240483.0,12000.0,4400.0,6441421.0,2024.0,34221.5294617032,2024.0,5360.50343468088,2023.0,71.12272,2024.0,43.1703428115865,30.28,16400.0,37.333842951733786,68.19608870481488,186.29429748498043,68.30790907782615
Canada,17.0,4.2,860320.0,26000.0,6600.0,41288599.0,2024.0,56706.8238031978,2024.0,14084.4933973177,2024.0,77.694374,2024.0,68.74266730885604,66.22,32600.0,20.83674478758652,37.892877068997585,62.971378612289556,15.985042263119658
Chile,2.1,0.26,11302.0,1200.0,610.0,19764771.0,2024.0,30182.7871224714,2024.0,4373.3873769648,2024.0,70.04062,2024.0,62.6754856082194,70.04,1810.0,0.5718254969915917,160.14864625729962,6.071408568305699,3.086299355555397
China,48.0,11.0,34000820.0,1900000.0,1600000.0,1408975000.0,2024.0,23845.6197217259,2024.0,6523.71926193193,2023.0,38.165222,2024.0,53.84694204821778,34.25,3500000.0,24.131599212193258,102.93869383150171,134.8498021611455,113.55772813570148
Colombia,7.4,0.79,28500.0,980.0,120.0,52886363.0,2024.0,18477.2146664536,2024.0,1551.19383043981,2024.0,61.34171,2024.0,75.54126689104336,72.01,1100.0,0.5388912828057395,38.59649122807018,1.8530296742092098,0.22690159276031138
Costa Rica,15.0,1.9,22470.0,1200.0,170.0,5129910.0,2024.0,26973.4361580719,2024.0,2282.30124894979,2024.0,99.90909,2024.0,85.13150831991412,99.91,1370.0,4.380193804569671,60.970182465509566,23.39222325537875,3.31389829451199
Croatia,4.9,2.7,240483.0,12000.0,4400.0,3866200.0,2024.0,42829.1978370384,2024.0,4484.04352063873,2023.0,73.44669,2024.0,69.06572056090556,72.72,16400.0,62.20138637421758,68.19608870481488,310.382287517459,113.80683875640163
Cyprus,12.0,2.7,240483.0,12000.0,4400.0,1358282.0,2024.0,52635.58203125,2024.0,3841.70423858864,2023.0,24.006908,2024.0,37.2402327514547,24.02,16400.0,177.04939033278805,68.19608870481488,883.4689703610885,323.9386224657324
Czech Republic,6.8,2.7,240483.0,12000.0,4400.0,10905028.0,2024.0,47963.8968485782,2024.0,5876.92209501892,2024.0,57.684387,2024.0,27.473603542234333,18.44,16400.0,22.05248808164454,68.19608870481488,110.04098293007593,40.34836040769451
Denmark,56.0,17.0,460230.0,27000.0,6400.0,5976992.0,2024.0,71431.2926242287,2024.0,6165.47587816748,2024.0,89.18996,2024.0,64.72106697260863,89.63,33400.0,77.00027037011259,72.5724094474502,451.73224257285267,107.07727231356508
Estonia,10.0,2.7,240483.0,12000.0,4400.0,1372341.0,2024.0,41189.6675300734,2024.0,5297.51716227964,2024.0,55.750797,2024.0,56.577595066803696,63.36,16400.0,175.23560106416699,68.19608870481488,874.4182386156211,320.6200208257277
Finland,50.0,8.3,260001.0,12000.0,4400.0,5619911.0,2024.0,56123.1479579839,2024.0,14819.2738283578,2024.0,95.34827,2024.0,56.25,56.7,16400.0,46.26425578625711,63.07668047430587,213.52651314228999,78.29305481883966
France,24.0,4.4,1751600.0,120000.0,32000.0,68551653.0,2024.0,54799.3482689389,2024.0,6447.21141881145,2024.0,94.89835,2024.0,43.56371637959435,28.08,152000.0,25.55153556982791,86.77780315140443,175.0504834653659,46.68012892409757
Germany,19.0,6.5,3102300.0,120000.0,37000.0,83516593.0,2024.0,62554.5547232436,2024.0,6109.08541252395,2024.0,58.64231,2024.0,61.91382598165443,56.99,157000.0,37.14591183095795,50.60761370596009,143.6840221679062,44.30257350177108
Greece,12.0,1.2,45000.0,5000.0,1000.0,10405134.0,2024.0,37474.2798239947,2024.0,4685.95599057158,2024.0,49.229153,2024.0,61.11673002476197,47.54,6000.0,4.324788128629579,133.33333333333334,48.05320142921754,9.610640285843507
Hungary,12.0,2.7,240483.0,12000.0,4400.0,9562065.0,2024.0,40686.9319263343,2024.0,4812.45421360344,2024.0,73.63158,2024.0,52.00579115642154,33.04,16400.0,25.14969308407755,68.19608870481488,125.49590491175286,46.01516513430938
Iceland,42.0,18.0,53000.0,2100.0,940.0,386506.0,2024.0,67310.0573573616,2024.0,48997.9456981263,2024.0,100.0,2024.0,100.0,99.98,3040.0,137.12594371109373,57.35849056603774,543.3292109307488,243.20450394043044
India,2.1,0.48,240483.0,47000.0,28000.0,1450935791.0,2024.0,9818.04270686639,2024.0,1181.63126786529,2023.0,22.493763,2024.0,38.40495992172506,20.08,75000.0,0.16574337850902182,311.87235688177543,3.2392887605044955,1.929789048811189
Indonesia,7.3,0.59,78540.0,940.0,2300.0,283487931.0,2024.0,14470.4372020578,2024.0,1445.21463483986,2023.0,18.089573,2024.0,13.602562177851174,17.46,3240.0,0.2770488314015738,41.252864782276546,0.3315837808982422,0.8113220170914437
Ireland,25.0,2.7,240483.0,12000.0,4400.0,5395790.0,2024.0,119037.731175443,2024.0,6298.24363068244,2024.0,46.525097,2024.0,51.61744022503516,46.91,16400.0,44.56863591800274,68.19608870481488,222.3956084280522,81.54505642361916
Israel,21.0,5.9,228000.0,6500.0,2600.0,9974400.0,2024.0,47338.8424624205,2024.0,7206.44850818094,2024.0,13.80597,2024.0,25.190582487469992,10.5,9100.0,22.85851780558229,39.91228070175438,65.16682707731793,26.066730830927174
Italy,7.9,1.5,600060.0,49000.0,11000.0,58952704.0,2024.0,53265.0032474189,2024.0,5136.67702163416,2024.0,50.17193,2024.0,49.89796966983279,49.84,60000.0,10.17866797085338,99.9900009999,83.11747668096785,18.65902537736013
Japan,2.8,1.0,628100.0,24000.0,10000.0,123975371.0,2024.0,46106.9229230044,2024.0,7530.06014396198,2024.0,31.28917,2024.0,35.75354951201286,25.12,34000.0,5.066328859786191,54.131507721700366,19.35868375017809,8.066118229240871
Jordan,12.0,2.7,240483.0,720.0,180.0,11552876.0,2024.0,9520.25064497454,2024.0,1857.90753262484,2023.0,24.081114,2024.0,36.63619252487228,24.09,900.0,20.81585572285204,3.742468282581305,6.232214385404985,1.5580535963512463
South Korea,9.2,2.8,653000.0,370000.0,47000.0,51751065.0,2024.0,55070.9386194121,2024.0,11350.1625522103,2024.0,39.890945,2024.0,21.15979413716676,9.69,417000.0,12.618097811127173,638.5911179173047,714.9611317177723,90.81938700198731
Latvia,12.0,2.7,240483.0,12000.0,4400.0,1866124.0,2024.0,37611.6699359404,2024.0,3767.70246778885,2024.0,73.45972,2024.0,66.29866356769321,71.6,16400.0,128.8676422359929,68.19608870481488,643.0440849589845,235.78283115162765
Lithuania,12.0,2.7,240483.0,12000.0,4400.0,2888278.0,2024.0,47165.3665643051,2024.0,4387.04307549343,2024.0,84.303116,2024.0,62.19789023901723,90.65,16400.0,83.26172203645217,68.19608870481488,415.4724718326975,152.33990633865577
Malaysia,3.6,0.5,62003.0,710.0,1300.0,35557673.0,2024.0,34116.2317848885,2024.0,5083.71249369916,2023.0,20.366444,2024.0,24.298873579144537,19.62,2010.0,1.743730530397757,32.41778623614986,1.9967560869351604,3.65603227185311
Mexico,2.2,0.3,68000.0,1600.0,250.0,130861007.0,2024.0,22039.6287019016,2024.0,2658.04923845649,2024.0,24.581902,2024.0,34.17746939923084,19.07,1850.0,0.519635310463414,27.205882352941178,1.222671318737445,0.1910423935527258
Netherlands,48.0,11.0,980710.0,180000.0,8000.0,17993485.0,2024.0,70498.8840396071,2024.0,6386.36706563515,2024.0,53.65814,2024.0,59.57014420653888,53.03,188000.0,54.50361616996374,191.6978515565254,1000.3620754956586,44.46053668869594
New Zealand,11.0,3.3,113038.0,340.0,1100.0,5287500.0,2024.0,49316.3999433708,2024.0,7992.62411347518,2024.0,85.98046,2024.0,78.59992745738121,85.99,1440.0,21.378345153664302,12.739078893823317,6.430260047281323,20.803782505910167
Norway,92.0,32.0,960230.0,18000.0,13000.0,5572279.0,2024.0,91105.246799623,2024.0,23673.0788246604,2024.0,98.60607,2024.0,95.35648904062144,99.39,31000.0,172.32267084975464,32.28393197463108,323.0276158103354,233.2977225296867
Poland,5.7,1.1,119220.0,6200.0,3000.0,36559233.0,2024.0,45153.0439773281,2024.0,4369.59385882083,2024.0,31.146875,2024.0,48.17567165068208,29.81,9200.0,3.261009332444146,77.16826035900017,16.958780289509903,8.205861430408017
Portugal,33.0,4.2,240003.0,9300.0,3800.0,10694681.0,2024.0,42197.2025135828,2024.0,5293.84653922824,2024.0,85.19145,2024.0,62.45629863538965,87.35,13100.0,22.441342570199147,54.5826510501952,86.95911547057833,35.53168159012878
Romania,6.5,2.7,240483.0,12000.0,4400.0,19051804.0,2024.0,40504.0002945958,2024.0,2585.27043246593,2023.0,67.204094,2024.0,66.39723912451186,52.06,16400.0,12.622584192027169,68.19608870481488,62.986161310498474,23.09492581384944
Russia,2.9,0.096,42000.0,4900.0,5700.0,143533851.0,2024.0,41704.7109375,2024.0,7285.35211230393,2023.0,35.935368,2024.0,18.173956883052707,19.63,10600.0,0.2926139005355608,252.38095238095238,3.4138288395815426,3.9711886501254674
Slovakia,4.8,2.7,240483.0,12000.0,4400.0,5422069.0,2024.0,40319.0547230873,2024.0,4674.59930886162,2024.0,85.80623,2024.0,32.5826371231384,23.87,16400.0,44.35262627605808,68.19608870481488,221.31772944977277,81.14983413158335
Slovenia,8.1,2.7,240483.0,12000.0,4400.0,2127400.0,2024.0,48648.9078834081,2024.0,6449.65685813669,2024.0,76.06224,2024.0,50.048856752003125,43.65,16400.0,113.04080097771927,68.19608870481488,564.0688163956003,206.82523267838678
South Africa,0.61,0.066,5103.0,190.0,190.0,64007187.0,2024.0,13597.6538495998,2024.0,3247.14853342661,2023.0,15.663381,2024.0,17.548285376428854,13.17,380.0,0.07972542208424188,74.46600039192631,0.2968416656085824,0.2968416656085824
Spain,11.0,1.8,450034.0,28000.0,13000.0,48848840.0,2024.0,48460.2914069661,2024.0,5196.11110519718,2024.0,76.745926,2024.0,66.1359967248318,56.82,41000.0,9.212787857398457,91.10422768057525,57.31968251446708,26.612709738859714
Sweden,58.0,13.0,670050.0,38000.0,6600.0,10569709.0,2024.0,62978.9390459835,2024.0,12226.2590199976,2024.0,98.791756,2024.0,74.0063900007022,70.38,44600.0,63.393419818842695,66.56219685098128,359.5179394248224,62.4425894790481
Switzerland,28.0,7.3,340250.0,15000.0,4200.0,9005582.0,2024.0,82286.1801896488,2024.0,7117.25238857411,2024.0,98.098755,2024.0,43.05589202284133,70.82,19200.0,37.78212224373728,56.42909625275533,166.56336036915772,46.637740903364154
Thailand,13.0,1.2,225000.0,4700.0,8700.0,71668011.0,2024.0,21740.5403219261,2024.0,2965.2131060821,2023.0,14.840617,2024.0,21.603277171211623,17.58,13400.0,3.139475992992187,59.55555555555556,6.5580165186947905,12.139307172903123
Turkey,11.0,1.4,192000.0,6000.0,5900.0,85518661.0,2024.0,36154.490436557,2024.0,3730.82314747655,2024.0,45.61439,2024.0,51.55571730573625,48.57470588235295,11900.0,2.2451240203585505,61.97916666666667,7.01601256362047,6.899079020893464
United States,10.0,2.7,6319000.0,140000.0,53000.0,340110988.0,2024.0,75489.2664334817,2024.0,12835.2954006884,2024.0,41.869316,2024.0,35.15141269697829,24.33,193000.0,18.57922920149819,30.542807406235166,41.163033521281,15.58314840448495
United Kingdom,28.0,6.4,2170260.0,71000.0,17000.0,69226000.0,2024.0,52621.1790252979,2024.0,4198.22032184439,2024.0,64.931725,2024.0,50.54692951849268,52.53,88000.0,31.35035969144541,40.5481370895653,102.56262098055643,24.55724727703464
Uzbekistan,5.0,0.87,32400.0,12000.0,4400.0,36361859.0,2024.0,10450.2051402852,2024.0,2059.24963004498,2023.0,15.95092,2024.0,22.596874848822026,11.28,16400.0,0.8910435519812119,506.17283950617286,33.00161303634118,12.100591446658434
Vietnam,17.0,4.6,110170.0,2100.0,4000.0,100987686.0,2024.0,14415.2159532813,2024.0,2585.49409663119,2023.0,42.2821,2024.0,55.241862771616624,45.94,6100.0,1.0909250856584634,55.36897522011437,2.079461450379208,3.9608789531032524
